{"cameraMode":{"drawMode":0,"name":"Shaded","section":"Shading Mode"},"sceneLighting":true,"audioPlay":false,"sceneViewState":{"showFog":true,"showMaterialUpdate":false,"showSkybox":true,"showFlares":true,"showImageEffects":true,"showParticleSystems":true},"in2DMode":false,"pivot":{"x":4.108642578125,"y":3.3313047885894777,"z":3.185478448867798},"rotation":{"x":0.05419740453362465,"y":0.7189708352088928,"z":-0.05641606077551842,"w":0.6906393766403198},"size":7.071067810058594,"orthographic":false}