{"cameraMode":{"drawMode":0,"name":"Shaded","section":"Shading Mode"},"sceneLighting":true,"audioPlay":false,"sceneViewState":{"showFog":true,"showMaterialUpdate":false,"showSkybox":true,"showFlares":true,"showImageEffects":true,"showParticleSystems":true},"in2DMode":false,"pivot":{"x":1.6194459199905396,"y":1.5132193565368653,"z":0.7349591255187988},"rotation":{"x":-0.3767334222793579,"y":-0.18617768585681916,"z":0.07758622616529465,"w":-0.9041181206703186},"size":5.001453876495361,"orthographic":false}